{"cameraMode":{"drawMode":0,"name":"Shaded","section":"Shading Mode"},"sceneLighting":false,"audioPlay":false,"sceneViewState":{"m_AlwaysRefresh":false,"showFog":true,"showSkybox":false,"showFlares":true,"showImageEffects":true,"showParticleSystems":true,"showVisualEffectGraphs":true,"m_FxEnabled":true},"in2DMode":false,"pivot":{"x":0.2234051674604416,"y":2.102637767791748,"z":0.30083996057510378},"rotation":{"x":-0.031455978751182559,"y":0.0649537444114685,"z":-0.0034145673271268608,"w":-0.9985406398773193},"size":0.9834823608398438,"orthographic":false}